{
    "version": "2023-08-31",
    "name": "meta-llama-Llama-2-13b-chat-hf_550_150_summary",
    "model": "meta-llama/Llama-2-13b-chat-hf",
    "mean_input_tokens": 550,
    "stddev_input_tokens": 0,
    "mean_output_tokens": 150,
    "stddev_output_tokens": 0,
    "num_concurrent_requests": 5,
    "results_inter_token_latency_s_quantiles_p25": 0.007241278639071331,
    "results_inter_token_latency_s_quantiles_p50": 0.007829038798013017,
    "results_inter_token_latency_s_quantiles_p75": 0.008316011557947273,
    "results_inter_token_latency_s_quantiles_p90": 0.00904729972913901,
    "results_inter_token_latency_s_quantiles_p95": 0.009696780320965296,
    "results_inter_token_latency_s_quantiles_p99": 0.010680530672384366,
    "results_inter_token_latency_s_mean": 0.007841315973124622,
    "results_inter_token_latency_s_min": 0.005919606112583162,
    "results_inter_token_latency_s_max": 0.011865848576160005,
    "results_inter_token_latency_s_stddev": 0.0009875776006183625,
    "results_ttft_s_quantiles_p25": 0.193428940000004,
    "results_ttft_s_quantiles_p50": 0.20235683199999244,
    "results_ttft_s_quantiles_p75": 0.2189189280000221,
    "results_ttft_s_quantiles_p90": 0.26868621119999714,
    "results_ttft_s_quantiles_p95": 0.3352286555500194,
    "results_ttft_s_quantiles_p99": 0.4964714485800012,
    "results_ttft_s_mean": 0.22044049145333625,
    "results_ttft_s_min": 0.18193918700001177,
    "results_ttft_s_max": 0.5575600349999945,
    "results_ttft_s_stddev": 0.05691336457508929,
    "results_end_to_end_latency_s_quantiles_p25": 1.179158669000003,
    "results_end_to_end_latency_s_quantiles_p50": 1.259818002999964,
    "results_end_to_end_latency_s_quantiles_p75": 1.366570827749996,
    "results_end_to_end_latency_s_quantiles_p90": 1.4718902237999771,
    "results_end_to_end_latency_s_quantiles_p95": 1.564034871900002,
    "results_end_to_end_latency_s_quantiles_p99": 1.7185045256599987,
    "results_end_to_end_latency_s_mean": 1.277511576366666,
    "results_end_to_end_latency_s_min": 0.9658584999999675,
    "results_end_to_end_latency_s_max": 1.8739143389999526,
    "results_end_to_end_latency_s_stddev": 0.1540782783032164,
    "results_request_output_throughput_token_per_s_quantiles_p25": 46.26725319099992,
    "results_request_output_throughput_token_per_s_quantiles_p50": 48.350441780914664,
    "results_request_output_throughput_token_per_s_quantiles_p75": 50.887099666714526,
    "results_request_output_throughput_token_per_s_quantiles_p90": 53.197571937613006,
    "results_request_output_throughput_token_per_s_quantiles_p95": 54.09116815078321,
    "results_request_output_throughput_token_per_s_quantiles_p99": 55.91387341065015,
    "results_request_output_throughput_token_per_s_mean": 48.17885042303914,
    "results_request_output_throughput_token_per_s_min": 34.02804151827529,
    "results_request_output_throughput_token_per_s_max": 61.929746576307835,
    "results_request_output_throughput_token_per_s_stddev": 3.9757274069462802,
    "results_number_input_tokens_quantiles_p25": 550.0,
    "results_number_input_tokens_quantiles_p50": 550.0,
    "results_number_input_tokens_quantiles_p75": 550.0,
    "results_number_input_tokens_quantiles_p90": 550.0,
    "results_number_input_tokens_quantiles_p95": 550.0,
    "results_number_input_tokens_quantiles_p99": 550.0,
    "results_number_input_tokens_mean": 550.0,
    "results_number_input_tokens_min": "550",
    "results_number_input_tokens_max": "550",
    "results_number_input_tokens_stddev": 0.0,
    "results_number_output_tokens_quantiles_p25": 151.0,
    "results_number_output_tokens_quantiles_p50": 151.0,
    "results_number_output_tokens_quantiles_p75": 151.0,
    "results_number_output_tokens_quantiles_p90": 151.0,
    "results_number_output_tokens_quantiles_p95": 151.0,
    "results_number_output_tokens_quantiles_p99": 151.0,
    "results_number_output_tokens_mean": 150.83333333333334,
    "results_number_output_tokens_min": "137",
    "results_number_output_tokens_max": "152",
    "results_number_output_tokens_stddev": 1.4536077158225604,
    "results_num_requests_started": 150,
    "results_error_rate": 0.0,
    "results_number_errors": 0,
    "results_error_code_frequency": "{}",
    "results_mean_output_throughput_token_per_s": 338.52437255956016,
    "results_num_completed_requests": 150,
    "results_num_completed_requests_per_min": 134.66162886347144,
    "framework": "anyscale",
    "model_size": "13b",
    "api": "https://console.endpoints.anyscale.com/m/v1",
    "timestamp": 1703136016
}