{
    "version": "2023-08-31",
    "name": "meta-llama-Llama-2-7b-chat-hf_550_150_summary",
    "model": "meta-llama/Llama-2-7b-chat-hf",
    "mean_input_tokens": 550,
    "stddev_input_tokens": 0,
    "mean_output_tokens": 150,
    "stddev_output_tokens": 0,
    "num_concurrent_requests": 5,
    "results_inter_token_latency_s_quantiles_p25": 0.018010361574503503,
    "results_inter_token_latency_s_quantiles_p50": 0.018848662930464014,
    "results_inter_token_latency_s_quantiles_p75": 0.019684597428808705,
    "results_inter_token_latency_s_quantiles_p90": 0.020449310632449435,
    "results_inter_token_latency_s_quantiles_p95": 0.020542159945032574,
    "results_inter_token_latency_s_quantiles_p99": 0.020839309485894283,
    "results_inter_token_latency_s_mean": 0.01887842475580952,
    "results_inter_token_latency_s_min": 0.01670620304635698,
    "results_inter_token_latency_s_max": 0.02120725521191976,
    "results_inter_token_latency_s_stddev": 0.0010320108214974377,
    "results_ttft_s_quantiles_p25": 0.19360146200002504,
    "results_ttft_s_quantiles_p50": 0.20354668099999174,
    "results_ttft_s_quantiles_p75": 0.23072003300001143,
    "results_ttft_s_quantiles_p90": 0.2809995460999886,
    "results_ttft_s_quantiles_p95": 0.34100991110000645,
    "results_ttft_s_quantiles_p99": 0.4557511319600058,
    "results_ttft_s_mean": 0.22518338954666584,
    "results_ttft_s_min": 0.1794880369999987,
    "results_ttft_s_max": 0.496643118999998,
    "results_ttft_s_stddev": 0.05686807844777615,
    "results_end_to_end_latency_s_quantiles_p25": 2.807765426500005,
    "results_end_to_end_latency_s_quantiles_p50": 2.9510136124999917,
    "results_end_to_end_latency_s_quantiles_p75": 3.074923307249996,
    "results_end_to_end_latency_s_quantiles_p90": 3.181761945999969,
    "results_end_to_end_latency_s_quantiles_p95": 3.193026782250011,
    "results_end_to_end_latency_s_quantiles_p99": 3.279331442180008,
    "results_end_to_end_latency_s_mean": 2.947270269773333,
    "results_end_to_end_latency_s_min": 2.632259661000006,
    "results_end_to_end_latency_s_max": 3.360206368000007,
    "results_end_to_end_latency_s_stddev": 0.1612523632518808,
    "results_request_output_throughput_token_per_s_quantiles_p25": 49.43214005004853,
    "results_request_output_throughput_token_per_s_quantiles_p50": 51.50824874338474,
    "results_request_output_throughput_token_per_s_quantiles_p75": 54.13559266010437,
    "results_request_output_throughput_token_per_s_quantiles_p90": 56.009071208952456,
    "results_request_output_throughput_token_per_s_quantiles_p95": 56.50022619359915,
    "results_request_output_throughput_token_per_s_quantiles_p99": 56.923020519266984,
    "results_request_output_throughput_token_per_s_mean": 51.726368047692425,
    "results_request_output_throughput_token_per_s_min": 45.235316928010675,
    "results_request_output_throughput_token_per_s_max": 57.745063016410235,
    "results_request_output_throughput_token_per_s_stddev": 2.824376044855915,
    "results_number_input_tokens_quantiles_p25": 550.0,
    "results_number_input_tokens_quantiles_p50": 550.0,
    "results_number_input_tokens_quantiles_p75": 550.0,
    "results_number_input_tokens_quantiles_p90": 550.0,
    "results_number_input_tokens_quantiles_p95": 550.0,
    "results_number_input_tokens_quantiles_p99": 550.0,
    "results_number_input_tokens_mean": 550.0,
    "results_number_input_tokens_min": "550",
    "results_number_input_tokens_max": "550",
    "results_number_input_tokens_stddev": 0.0,
    "results_number_output_tokens_quantiles_p25": 151.0,
    "results_number_output_tokens_quantiles_p50": 151.0,
    "results_number_output_tokens_quantiles_p75": 151.0,
    "results_number_output_tokens_quantiles_p90": 151.0,
    "results_number_output_tokens_quantiles_p95": 151.0,
    "results_number_output_tokens_quantiles_p99": 151.0,
    "results_number_output_tokens_mean": 150.99333333333334,
    "results_number_output_tokens_min": "150",
    "results_number_output_tokens_max": "151",
    "results_number_output_tokens_stddev": 0.08164965809277262,
    "results_num_requests_started": 150,
    "results_error_rate": 0.0,
    "results_number_errors": 0,
    "results_error_code_frequency": "{}",
    "results_mean_output_throughput_token_per_s": 198.25122608178637,
    "results_num_completed_requests": 150,
    "results_num_completed_requests_per_min": 78.77879971460449,
    "framework": "anyscale",
    "model_size": "7b",
    "api": "https://console.endpoints.anyscale.com/m/v1",
    "timestamp": 1703135943
}