{
    "version": "2023-08-31",
    "name": "meta-llama-Llama-2-70b-chat-hf_550_150_summary",
    "model": "meta-llama/Llama-2-70b-chat-hf",
    "mean_input_tokens": 550,
    "stddev_input_tokens": 0,
    "mean_output_tokens": 150,
    "stddev_output_tokens": 0,
    "num_concurrent_requests": 5,
    "results_inter_token_latency_s_quantiles_p25": 0.013227790291391395,
    "results_inter_token_latency_s_quantiles_p50": 0.014559224685430442,
    "results_inter_token_latency_s_quantiles_p75": 0.017056221476821346,
    "results_inter_token_latency_s_quantiles_p90": 0.01949744089139177,
    "results_inter_token_latency_s_quantiles_p95": 0.022717704197680943,
    "results_inter_token_latency_s_quantiles_p99": 0.03873539747323499,
    "results_inter_token_latency_s_mean": 0.01583612777604942,
    "results_inter_token_latency_s_min": 0.011228698172185553,
    "results_inter_token_latency_s_max": 0.04181541219230885,
    "results_inter_token_latency_s_stddev": 0.004413943106652307,
    "results_ttft_s_quantiles_p25": 0.19300258649997204,
    "results_ttft_s_quantiles_p50": 0.21282956000001718,
    "results_ttft_s_quantiles_p75": 0.297314017250045,
    "results_ttft_s_quantiles_p90": 0.3212247440000169,
    "results_ttft_s_quantiles_p95": 0.3620083771999928,
    "results_ttft_s_quantiles_p99": 0.4745305190600024,
    "results_ttft_s_mean": 0.24890269464666667,
    "results_ttft_s_min": 0.17503260300003376,
    "results_ttft_s_max": 0.5928212950000216,
    "results_ttft_s_stddev": 0.07068225467830593,
    "results_end_to_end_latency_s_quantiles_p25": 2.078682758250011,
    "results_end_to_end_latency_s_quantiles_p50": 2.259533027999993,
    "results_end_to_end_latency_s_quantiles_p75": 2.6070343575000123,
    "results_end_to_end_latency_s_quantiles_p90": 2.941864069399986,
    "results_end_to_end_latency_s_quantiles_p95": 3.1255705759999826,
    "results_end_to_end_latency_s_quantiles_p99": 3.7057007264000186,
    "results_end_to_end_latency_s_mean": 2.3546667737533324,
    "results_end_to_end_latency_s_min": 0.7493895339999881,
    "results_end_to_end_latency_s_max": 3.7970269379999877,
    "results_end_to_end_latency_s_stddev": 0.46357832921211445,
    "results_request_output_throughput_token_per_s_quantiles_p25": 24.333059637010297,
    "results_request_output_throughput_token_per_s_quantiles_p50": 25.8209839020626,
    "results_request_output_throughput_token_per_s_quantiles_p75": 27.30946600834869,
    "results_request_output_throughput_token_per_s_quantiles_p90": 28.22553856007423,
    "results_request_output_throughput_token_per_s_quantiles_p95": 28.875880776060566,
    "results_request_output_throughput_token_per_s_quantiles_p99": 29.74258015530464,
    "results_request_output_throughput_token_per_s_mean": 25.60905132905225,
    "results_request_output_throughput_token_per_s_min": 14.17020137616622,
    "results_request_output_throughput_token_per_s_max": 30.248842637762312,
    "results_request_output_throughput_token_per_s_stddev": 2.453144818777566,
    "results_number_input_tokens_quantiles_p25": 550.0,
    "results_number_input_tokens_quantiles_p50": 550.0,
    "results_number_input_tokens_quantiles_p75": 550.0,
    "results_number_input_tokens_quantiles_p90": 550.0,
    "results_number_input_tokens_quantiles_p95": 550.0,
    "results_number_input_tokens_quantiles_p99": 550.0,
    "results_number_input_tokens_mean": 550.0,
    "results_number_input_tokens_min": "550",
    "results_number_input_tokens_max": "550",
    "results_number_input_tokens_stddev": 0.0,
    "results_number_output_tokens_quantiles_p25": 151.0,
    "results_number_output_tokens_quantiles_p50": 151.0,
    "results_number_output_tokens_quantiles_p75": 151.0,
    "results_number_output_tokens_quantiles_p90": 151.0,
    "results_number_output_tokens_quantiles_p95": 151.0,
    "results_number_output_tokens_quantiles_p99": 151.0,
    "results_number_output_tokens_mean": 146.94666666666666,
    "results_number_output_tokens_min": "22",
    "results_number_output_tokens_max": "151",
    "results_number_output_tokens_stddev": 20.798743723892798,
    "results_num_requests_started": 150,
    "results_error_rate": 0.0,
    "results_number_errors": 0,
    "results_error_code_frequency": "{}",
    "results_mean_output_throughput_token_per_s": 207.52121071152493,
    "results_num_completed_requests": 150,
    "results_num_completed_requests_per_min": 84.73327721639254,
    "framework": "anyscale",
    "model_size": "70b",
    "api": "https://console.endpoints.anyscale.com/m/v1",
    "timestamp": 1703136129
}