{
    "version": "2023-08-31",
    "name": "meta-llama2-70b-chat-v1_550_150_summary",
    "model": "meta.llama2-70b-chat-v1",
    "mean_input_tokens": 550,
    "stddev_input_tokens": 0,
    "mean_output_tokens": 150,
    "stddev_output_tokens": 0,
    "num_concurrent_requests": 5,
    "results_inter_token_latency_s_quantiles_p25": 0.045816575059138574,
    "results_inter_token_latency_s_quantiles_p50": 0.046232489092735765,
    "results_inter_token_latency_s_quantiles_p75": 0.047404327701872334,
    "results_inter_token_latency_s_quantiles_p90": 0.05040466372184222,
    "results_inter_token_latency_s_quantiles_p95": 0.05167618524502654,
    "results_inter_token_latency_s_quantiles_p99": 0.053595581288611,
    "results_inter_token_latency_s_mean": 0.04707488939073093,
    "results_inter_token_latency_s_min": 0.04502394219074583,
    "results_inter_token_latency_s_max": 0.054035379033059557,
    "results_inter_token_latency_s_stddev": 0.0020598116113110273,
    "results_ttft_s_quantiles_p25": 0.37448621399926196,
    "results_ttft_s_quantiles_p50": 0.38771994699891366,
    "results_ttft_s_quantiles_p75": 0.4149304969996592,
    "results_ttft_s_quantiles_p90": 0.4904335050014197,
    "results_ttft_s_quantiles_p95": 0.5421029040007852,
    "results_ttft_s_quantiles_p99": 0.686971139999514,
    "results_ttft_s_mean": 0.40837363779203295,
    "results_ttft_s_min": 0.2856813910002529,
    "results_ttft_s_max": 0.717337595000572,
    "results_ttft_s_stddev": 0.07499181263613727,
    "results_end_to_end_latency_s_quantiles_p25": 6.921745125000598,
    "results_end_to_end_latency_s_quantiles_p50": 6.989185308999367,
    "results_end_to_end_latency_s_quantiles_p75": 7.145954382000127,
    "results_end_to_end_latency_s_quantiles_p90": 7.6169411320006475,
    "results_end_to_end_latency_s_quantiles_p95": 7.833533104001617,
    "results_end_to_end_latency_s_quantiles_p99": 8.09341601000051,
    "results_end_to_end_latency_s_mean": 7.058203132000026,
    "results_end_to_end_latency_s_min": 5.567597400999148,
    "results_end_to_end_latency_s_max": 8.167375638999147,
    "results_end_to_end_latency_s_stddev": 0.40563597077574576,
    "results_request_output_throughput_token_per_s_quantiles_p25": 20.902761947139822,
    "results_request_output_throughput_token_per_s_quantiles_p50": 21.4211553603236,
    "results_request_output_throughput_token_per_s_quantiles_p75": 21.639506559162086,
    "results_request_output_throughput_token_per_s_quantiles_p90": 21.74178226421219,
    "results_request_output_throughput_token_per_s_quantiles_p95": 21.81025695107757,
    "results_request_output_throughput_token_per_s_quantiles_p99": 21.89576654164741,
    "results_request_output_throughput_token_per_s_mean": 21.072678550728643,
    "results_request_output_throughput_token_per_s_min": 18.36575255382541,
    "results_request_output_throughput_token_per_s_max": 21.903070342044995,
    "results_request_output_throughput_token_per_s_stddev": 0.8614185356006262,
    "results_number_input_tokens_quantiles_p25": 550.0,
    "results_number_input_tokens_quantiles_p50": 550.0,
    "results_number_input_tokens_quantiles_p75": 550.0,
    "results_number_input_tokens_quantiles_p90": 550.0,
    "results_number_input_tokens_quantiles_p95": 550.0,
    "results_number_input_tokens_quantiles_p99": 550.0,
    "results_number_input_tokens_mean": 550.0,
    "results_number_input_tokens_min": "550",
    "results_number_input_tokens_max": "550",
    "results_number_input_tokens_stddev": 0.0,
    "results_number_output_tokens_quantiles_p25": 151.0,
    "results_number_output_tokens_quantiles_p50": 151.0,
    "results_number_output_tokens_quantiles_p75": 152.0,
    "results_number_output_tokens_quantiles_p90": 152.0,
    "results_number_output_tokens_quantiles_p95": 152.0,
    "results_number_output_tokens_quantiles_p99": 152.0,
    "results_number_output_tokens_mean": 149.75247524752476,
    "results_number_output_tokens_min": "120",
    "results_number_output_tokens_max": "152",
    "results_number_output_tokens_stddev": 5.6309962539395455,
    "results_num_requests_started": 150,
    "results_error_rate": 0.32666666666666666,
    "results_number_errors": 49,
    "results_error_code_frequency": "{-100.0: 49}",
    "results_mean_output_throughput_token_per_s": 62.867056292903534,
    "results_num_completed_requests": 101,
    "results_num_completed_requests_per_min": 25.18838751305755,
    "framework": "bedrock",
    "model_size": "70b",
    "timestamp": 1703638329
}