{
    "version": "2023-08-31",
    "name": "meta-llama2-13b-chat-v1_550_150_summary",
    "model": "meta.llama2-13b-chat-v1",
    "mean_input_tokens": 550,
    "stddev_input_tokens": 0,
    "mean_output_tokens": 150,
    "stddev_output_tokens": 0,
    "num_concurrent_requests": 5,
    "results_inter_token_latency_s_quantiles_p25": 0.026363667980227632,
    "results_inter_token_latency_s_quantiles_p50": 0.026498396860260447,
    "results_inter_token_latency_s_quantiles_p75": 0.026754494297658298,
    "results_inter_token_latency_s_quantiles_p90": 0.028941767066298453,
    "results_inter_token_latency_s_quantiles_p95": 0.02955197597434243,
    "results_inter_token_latency_s_quantiles_p99": 0.029782347625678204,
    "results_inter_token_latency_s_mean": 0.02691568040181039,
    "results_inter_token_latency_s_min": 0.025753566914497577,
    "results_inter_token_latency_s_max": 0.029784394311260884,
    "results_inter_token_latency_s_stddev": 0.0010837962689925415,
    "results_ttft_s_quantiles_p25": 0.2525828369998635,
    "results_ttft_s_quantiles_p50": 0.2687641180000355,
    "results_ttft_s_quantiles_p75": 0.30066621999867493,
    "results_ttft_s_quantiles_p90": 0.6444334679988972,
    "results_ttft_s_quantiles_p95": 0.7407937176001724,
    "results_ttft_s_quantiles_p99": 0.7638729581993539,
    "results_ttft_s_mean": 0.3308843597923493,
    "results_ttft_s_min": 0.1604971349988773,
    "results_ttft_s_max": 0.7683937679994415,
    "results_ttft_s_stddev": 0.16038053676096065,
    "results_end_to_end_latency_s_quantiles_p25": 3.970325338001203,
    "results_end_to_end_latency_s_quantiles_p50": 3.997570869998526,
    "results_end_to_end_latency_s_quantiles_p75": 4.015808317999472,
    "results_end_to_end_latency_s_quantiles_p90": 4.312336217799384,
    "results_end_to_end_latency_s_quantiles_p95": 4.479992625600789,
    "results_end_to_end_latency_s_quantiles_p99": 4.503237360639542,
    "results_end_to_end_latency_s_mean": 3.984834760792474,
    "results_end_to_end_latency_s_min": 3.3854403940003976,
    "results_end_to_end_latency_s_max": 4.50359557199954,
    "results_end_to_end_latency_s_stddev": 0.24245998448632086,
    "results_request_output_throughput_token_per_s_quantiles_p25": 37.012661742315345,
    "results_request_output_throughput_token_per_s_quantiles_p50": 37.37334408311301,
    "results_request_output_throughput_token_per_s_quantiles_p75": 37.547185585685085,
    "results_request_output_throughput_token_per_s_quantiles_p90": 37.72266186317164,
    "results_request_output_throughput_token_per_s_quantiles_p95": 37.94615333799179,
    "results_request_output_throughput_token_per_s_quantiles_p99": 38.27037835568332,
    "results_request_output_throughput_token_per_s_mean": 36.81594517253347,
    "results_request_output_throughput_token_per_s_min": 33.293099404753235,
    "results_request_output_throughput_token_per_s_max": 38.34740477589559,
    "results_request_output_throughput_token_per_s_stddev": 1.4141109216565952,
    "results_number_input_tokens_quantiles_p25": 550.0,
    "results_number_input_tokens_quantiles_p50": 550.0,
    "results_number_input_tokens_quantiles_p75": 550.0,
    "results_number_input_tokens_quantiles_p90": 550.0,
    "results_number_input_tokens_quantiles_p95": 550.0,
    "results_number_input_tokens_quantiles_p99": 550.0,
    "results_number_input_tokens_mean": 550.0,
    "results_number_input_tokens_min": "550",
    "results_number_input_tokens_max": "550",
    "results_number_input_tokens_stddev": 0.0,
    "results_number_output_tokens_quantiles_p25": 150.0,
    "results_number_output_tokens_quantiles_p50": 151.0,
    "results_number_output_tokens_quantiles_p75": 151.0,
    "results_number_output_tokens_quantiles_p90": 152.0,
    "results_number_output_tokens_quantiles_p95": 152.0,
    "results_number_output_tokens_quantiles_p99": 152.0,
    "results_number_output_tokens_mean": 147.79245283018867,
    "results_number_output_tokens_min": "122",
    "results_number_output_tokens_max": "152",
    "results_number_output_tokens_stddev": 7.553293959403096,
    "results_num_requests_started": 150,
    "results_error_rate": 0.6466666666666666,
    "results_number_errors": 97,
    "results_error_code_frequency": "{-100.0: 97}",
    "results_mean_output_throughput_token_per_s": 58.01992465211603,
    "results_num_completed_requests": 53,
    "results_num_completed_requests_per_min": 23.554622800169664,
    "framework": "bedrock",
    "model_size": "13b",
    "timestamp": 1703637308
}