{
    "version": "2023-08-31",
    "name": "accounts-fireworks-models-llama-v2-7b-chat_550_150_summary",
    "model": "accounts/fireworks/models/llama-v2-7b-chat",
    "mean_input_tokens": 550,
    "stddev_input_tokens": 0,
    "mean_output_tokens": 150,
    "stddev_output_tokens": 0,
    "num_concurrent_requests": 5,
    "results_inter_token_latency_s_quantiles_p25": 0.012275914653976419,
    "results_inter_token_latency_s_quantiles_p50": 0.012533340086090281,
    "results_inter_token_latency_s_quantiles_p75": 0.012762402049666974,
    "results_inter_token_latency_s_quantiles_p90": 0.012994403290730925,
    "results_inter_token_latency_s_quantiles_p95": 0.013171244420207801,
    "results_inter_token_latency_s_quantiles_p99": 0.016262736703244778,
    "results_inter_token_latency_s_mean": 0.01261776549994023,
    "results_inter_token_latency_s_min": 0.011806714894036731,
    "results_inter_token_latency_s_max": 0.017858424377486366,
    "results_inter_token_latency_s_stddev": 0.0006929693085832143,
    "results_ttft_s_quantiles_p25": 0.3158387167498802,
    "results_ttft_s_quantiles_p50": 0.33071310550008093,
    "results_ttft_s_quantiles_p75": 0.3407664959999579,
    "results_ttft_s_quantiles_p90": 0.3588294464000569,
    "results_ttft_s_quantiles_p95": 0.3718706741999766,
    "results_ttft_s_quantiles_p99": 0.8774377434899883,
    "results_ttft_s_mean": 0.3299350498733285,
    "results_ttft_s_min": 0.20711815000004208,
    "results_ttft_s_max": 1.0870949769999925,
    "results_ttft_s_stddev": 0.10177872574958872,
    "results_end_to_end_latency_s_quantiles_p25": 1.9342920289999483,
    "results_end_to_end_latency_s_quantiles_p50": 1.981141004499932,
    "results_end_to_end_latency_s_quantiles_p75": 2.0127125749999095,
    "results_end_to_end_latency_s_quantiles_p90": 2.0527311965001673,
    "results_end_to_end_latency_s_quantiles_p95": 2.062364282599958,
    "results_end_to_end_latency_s_quantiles_p99": 2.54727942467003,
    "results_end_to_end_latency_s_mean": 1.9875387902533248,
    "results_end_to_end_latency_s_min": 1.6523773630001415,
    "results_end_to_end_latency_s_max": 2.824889627999937,
    "results_end_to_end_latency_s_stddev": 0.11512590554951393,
    "results_request_output_throughput_token_per_s_quantiles_p25": 15.71236299338126,
    "results_request_output_throughput_token_per_s_quantiles_p50": 15.985962554872994,
    "results_request_output_throughput_token_per_s_quantiles_p75": 16.16651684595571,
    "results_request_output_throughput_token_per_s_quantiles_p90": 16.351052244162428,
    "results_request_output_throughput_token_per_s_quantiles_p95": 16.595767039728717,
    "results_request_output_throughput_token_per_s_quantiles_p99": 16.906172597503474,
    "results_request_output_throughput_token_per_s_mean": 15.868395330173813,
    "results_request_output_throughput_token_per_s_min": 10.973880074014945,
    "results_request_output_throughput_token_per_s_max": 17.144918369236002,
    "results_request_output_throughput_token_per_s_stddev": 0.7003024490393945,
    "results_number_input_tokens_quantiles_p25": 550.0,
    "results_number_input_tokens_quantiles_p50": 550.0,
    "results_number_input_tokens_quantiles_p75": 550.0,
    "results_number_input_tokens_quantiles_p90": 550.0,
    "results_number_input_tokens_quantiles_p95": 550.0,
    "results_number_input_tokens_quantiles_p99": 550.0,
    "results_number_input_tokens_mean": 550.0,
    "results_number_input_tokens_min": "550",
    "results_number_input_tokens_max": "550",
    "results_number_input_tokens_stddev": 0.0,
    "results_number_output_tokens_quantiles_p25": 151.0,
    "results_number_output_tokens_quantiles_p50": 151.0,
    "results_number_output_tokens_quantiles_p75": 151.0,
    "results_number_output_tokens_quantiles_p90": 151.0,
    "results_number_output_tokens_quantiles_p95": 151.0,
    "results_number_output_tokens_quantiles_p99": 151.0,
    "results_number_output_tokens_mean": 150.52666666666667,
    "results_number_output_tokens_min": "118",
    "results_number_output_tokens_max": "151",
    "results_number_output_tokens_stddev": 3.8086737226660765,
    "results_num_requests_started": 150,
    "results_error_rate": 0.0,
    "results_number_errors": 0,
    "results_error_code_frequency": "{}",
    "results_mean_output_throughput_token_per_s": 260.3967163149623,
    "results_num_completed_requests": 150,
    "results_num_completed_requests_per_min": 103.79425336970905,
    "framework": "fireworks",
    "model_size": "7b",
    "api": "https://api.fireworks.ai/inference/v1",
    "timestamp": 1702984846
}