{
    "version": "2023-08-31",
    "name": "accounts-fireworks-models-llama-v2-13b-chat_550_150_summary",
    "model": "accounts/fireworks/models/llama-v2-13b-chat",
    "mean_input_tokens": 550,
    "stddev_input_tokens": 0,
    "mean_output_tokens": 150,
    "stddev_output_tokens": 0,
    "num_concurrent_requests": 5,
    "results_inter_token_latency_s_quantiles_p25": 0.02279237625661882,
    "results_inter_token_latency_s_quantiles_p50": 0.023279052066223417,
    "results_inter_token_latency_s_quantiles_p75": 0.023864551296358418,
    "results_inter_token_latency_s_quantiles_p90": 0.02435013140199174,
    "results_inter_token_latency_s_quantiles_p95": 0.024584444617427714,
    "results_inter_token_latency_s_quantiles_p99": 0.024924668985033652,
    "results_inter_token_latency_s_mean": 0.023333628394593943,
    "results_inter_token_latency_s_min": 0.021544591834443908,
    "results_inter_token_latency_s_max": 0.02497458824503258,
    "results_inter_token_latency_s_stddev": 0.0007360841135616274,
    "results_ttft_s_quantiles_p25": 0.39029084299994565,
    "results_ttft_s_quantiles_p50": 0.49759090550003293,
    "results_ttft_s_quantiles_p75": 0.5437109255000792,
    "results_ttft_s_quantiles_p90": 0.5723508637001032,
    "results_ttft_s_quantiles_p95": 0.5861331568499736,
    "results_ttft_s_quantiles_p99": 0.6530905141600897,
    "results_ttft_s_mean": 0.47270308719335086,
    "results_ttft_s_min": 0.27944599900001776,
    "results_ttft_s_max": 0.6646081240000967,
    "results_ttft_s_stddev": 0.0888638074985656,
    "results_end_to_end_latency_s_quantiles_p25": 3.5206858732498745,
    "results_end_to_end_latency_s_quantiles_p50": 3.590569190999986,
    "results_end_to_end_latency_s_quantiles_p75": 3.6946669242500434,
    "results_end_to_end_latency_s_quantiles_p90": 3.759286546300109,
    "results_end_to_end_latency_s_quantiles_p95": 3.798114085050133,
    "results_end_to_end_latency_s_quantiles_p99": 3.8451210206500126,
    "results_end_to_end_latency_s_mean": 3.5929770115933404,
    "results_end_to_end_latency_s_min": 2.8207699750000756,
    "results_end_to_end_latency_s_max": 3.87309838200008,
    "results_end_to_end_latency_s_stddev": 0.1500805104674581,
    "results_request_output_throughput_token_per_s_quantiles_p25": 13.862885903469737,
    "results_request_output_throughput_token_per_s_quantiles_p50": 14.163399989530582,
    "results_request_output_throughput_token_per_s_quantiles_p75": 14.477560462856582,
    "results_request_output_throughput_token_per_s_quantiles_p90": 14.742559605589257,
    "results_request_output_throughput_token_per_s_quantiles_p95": 14.982764070135131,
    "results_request_output_throughput_token_per_s_quantiles_p99": 15.200386691905674,
    "results_request_output_throughput_token_per_s_mean": 14.171833321649334,
    "results_request_output_throughput_token_per_s_min": 13.1229497444762,
    "results_request_output_throughput_token_per_s_max": 15.246761568857314,
    "results_request_output_throughput_token_per_s_stddev": 0.45945548818193294,
    "results_number_input_tokens_quantiles_p25": 550.0,
    "results_number_input_tokens_quantiles_p50": 550.0,
    "results_number_input_tokens_quantiles_p75": 550.0,
    "results_number_input_tokens_quantiles_p90": 550.0,
    "results_number_input_tokens_quantiles_p95": 550.0,
    "results_number_input_tokens_quantiles_p99": 550.0,
    "results_number_input_tokens_mean": 550.0,
    "results_number_input_tokens_min": "550",
    "results_number_input_tokens_max": "550",
    "results_number_input_tokens_stddev": 0.0,
    "results_number_output_tokens_quantiles_p25": 151.0,
    "results_number_output_tokens_quantiles_p50": 151.0,
    "results_number_output_tokens_quantiles_p75": 151.0,
    "results_number_output_tokens_quantiles_p90": 151.0,
    "results_number_output_tokens_quantiles_p95": 151.0,
    "results_number_output_tokens_quantiles_p99": 151.0,
    "results_number_output_tokens_mean": 150.05333333333334,
    "results_number_output_tokens_min": "111",
    "results_number_output_tokens_max": "151",
    "results_number_output_tokens_stddev": 4.959955978732267,
    "results_num_requests_started": 150,
    "results_error_rate": 0.0,
    "results_number_errors": 0,
    "results_error_code_frequency": "{}",
    "results_mean_output_throughput_token_per_s": 166.99736101319954,
    "results_num_completed_requests": 150,
    "results_num_completed_requests_per_min": 66.77520211119584,
    "framework": "fireworks",
    "model_size": "13b",
    "api": "https://api.fireworks.ai/inference/v1",
    "timestamp": 1702984986
}