{
    "version": "2023-08-31",
    "name": "accounts-fireworks-models-llama-v2-70b-chat_550_150_summary",
    "model": "accounts/fireworks/models/llama-v2-70b-chat",
    "mean_input_tokens": 550,
    "stddev_input_tokens": 0,
    "mean_output_tokens": 150,
    "stddev_output_tokens": 0,
    "num_concurrent_requests": 5,
    "results_inter_token_latency_s_quantiles_p25": 0.02323372681126522,
    "results_inter_token_latency_s_quantiles_p50": 0.024403158119206642,
    "results_inter_token_latency_s_quantiles_p75": 0.02545021600330991,
    "results_inter_token_latency_s_quantiles_p90": 0.026566579288075914,
    "results_inter_token_latency_s_quantiles_p95": 0.027247985558942863,
    "results_inter_token_latency_s_quantiles_p99": 0.029164882150994043,
    "results_inter_token_latency_s_mean": 0.024464594998188875,
    "results_inter_token_latency_s_min": 0.021205970496688775,
    "results_inter_token_latency_s_max": 0.029570771721855696,
    "results_inter_token_latency_s_stddev": 0.00169704990885679,
    "results_ttft_s_quantiles_p25": 0.3913097144999824,
    "results_ttft_s_quantiles_p50": 0.5165989695000235,
    "results_ttft_s_quantiles_p75": 0.5618408555000656,
    "results_ttft_s_quantiles_p90": 0.6361946695999222,
    "results_ttft_s_quantiles_p95": 0.7868415615500112,
    "results_ttft_s_quantiles_p99": 0.9514515243999448,
    "results_ttft_s_mean": 0.5115081730199972,
    "results_ttft_s_min": 0.31745951999982935,
    "results_ttft_s_max": 0.9576118009999846,
    "results_ttft_s_stddev": 0.13164385486195246,
    "results_end_to_end_latency_s_quantiles_p25": 3.5920651887499844,
    "results_end_to_end_latency_s_quantiles_p50": 3.772186518500007,
    "results_end_to_end_latency_s_quantiles_p75": 3.9325672074999716,
    "results_end_to_end_latency_s_quantiles_p90": 4.128043170499813,
    "results_end_to_end_latency_s_quantiles_p95": 4.210630839049929,
    "results_end_to_end_latency_s_quantiles_p99": 4.48644712269999,
    "results_end_to_end_latency_s_mean": 3.772853504139998,
    "results_end_to_end_latency_s_min": 2.6056844490001367,
    "results_end_to_end_latency_s_max": 4.552338557999974,
    "results_end_to_end_latency_s_stddev": 0.27339523570824487,
    "results_request_output_throughput_token_per_s_quantiles_p25": 13.041226431406159,
    "results_request_output_throughput_token_per_s_quantiles_p50": 13.60949013181326,
    "results_request_output_throughput_token_per_s_quantiles_p75": 14.156206352597362,
    "results_request_output_throughput_token_per_s_quantiles_p90": 14.73319951663795,
    "results_request_output_throughput_token_per_s_quantiles_p95": 15.04177089235205,
    "results_request_output_throughput_token_per_s_quantiles_p99": 15.489364632107542,
    "results_request_output_throughput_token_per_s_mean": 13.59708686525801,
    "results_request_output_throughput_token_per_s_min": 10.983365881725417,
    "results_request_output_throughput_token_per_s_max": 15.780119982952632,
    "results_request_output_throughput_token_per_s_stddev": 0.8884090891030223,
    "results_number_input_tokens_quantiles_p25": 550.0,
    "results_number_input_tokens_quantiles_p50": 550.0,
    "results_number_input_tokens_quantiles_p75": 550.0,
    "results_number_input_tokens_quantiles_p90": 550.0,
    "results_number_input_tokens_quantiles_p95": 550.0,
    "results_number_input_tokens_quantiles_p99": 550.0,
    "results_number_input_tokens_mean": 550.0,
    "results_number_input_tokens_min": "550",
    "results_number_input_tokens_max": "550",
    "results_number_input_tokens_stddev": 0.0,
    "results_number_output_tokens_quantiles_p25": 151.0,
    "results_number_output_tokens_quantiles_p50": 151.0,
    "results_number_output_tokens_quantiles_p75": 151.0,
    "results_number_output_tokens_quantiles_p90": 151.0,
    "results_number_output_tokens_quantiles_p95": 151.0,
    "results_number_output_tokens_quantiles_p99": 151.0,
    "results_number_output_tokens_mean": 150.51333333333332,
    "results_number_output_tokens_min": "100",
    "results_number_output_tokens_max": "151",
    "results_number_output_tokens_stddev": 4.346929282084678,
    "results_num_requests_started": 150,
    "results_error_rate": 0.0,
    "results_number_errors": 0,
    "results_error_code_frequency": "{}",
    "results_mean_output_throughput_token_per_s": 162.86950633872,
    "results_num_completed_requests": 150,
    "results_num_completed_requests_per_min": 64.92561266104798,
    "framework": "fireworks",
    "model_size": "70b",
    "api": "https://api.fireworks.ai/inference/v1",
    "timestamp": 1702985131
}