{
    "version": "2023-08-31",
    "name": "llama2-70b-4096_550_150_summary",
    "model": "llama2-70b-4096",
    "mean_input_tokens": 550,
    "stddev_input_tokens": 0,
    "mean_output_tokens": 150,
    "stddev_output_tokens": 0,
    "num_concurrent_requests": 5,
    "results_inter_token_latency_s_quantiles_p25": 0.005050931588436166,
    "results_inter_token_latency_s_quantiles_p50": 0.005320808651546638,
    "results_inter_token_latency_s_quantiles_p75": 0.005656079137697816,
    "results_inter_token_latency_s_quantiles_p90": 0.006161954392989477,
    "results_inter_token_latency_s_quantiles_p95": 0.0062214585126688085,
    "results_inter_token_latency_s_quantiles_p99": 0.006565943489596247,
    "results_inter_token_latency_s_mean": 0.005384122478382455,
    "results_inter_token_latency_s_min": 0.00473323247085015,
    "results_inter_token_latency_s_max": 0.006657153169314067,
    "results_inter_token_latency_s_stddev": 0.00047732953488306034,
    "results_ttft_s_quantiles_p25": 0.1860195565968752,
    "results_ttft_s_quantiles_p50": 0.2218883791938424,
    "results_ttft_s_quantiles_p75": 0.24066938273608685,
    "results_ttft_s_quantiles_p90": 0.298818383552134,
    "results_ttft_s_quantiles_p95": 0.30373927168548104,
    "results_ttft_s_quantiles_p99": 0.3500269545800982,
    "results_ttft_s_mean": 0.22786034579078357,
    "results_ttft_s_min": 0.17202026024460793,
    "results_ttft_s_max": 0.3630785904824734,
    "results_ttft_s_stddev": 0.04545771907205833,
    "results_end_to_end_latency_s_quantiles_p25": 0.7649436835199594,
    "results_end_to_end_latency_s_quantiles_p50": 0.8051837999373674,
    "results_end_to_end_latency_s_quantiles_p75": 0.8556924778968096,
    "results_end_to_end_latency_s_quantiles_p90": 0.9329087149351835,
    "results_end_to_end_latency_s_quantiles_p95": 0.9415189569815994,
    "results_end_to_end_latency_s_quantiles_p99": 0.9922714155726133,
    "results_end_to_end_latency_s_mean": 0.8151081097126007,
    "results_end_to_end_latency_s_min": 0.7171850893646479,
    "results_end_to_end_latency_s_max": 1.0057721510529518,
    "results_end_to_end_latency_s_stddev": 0.07176030445752668,
    "results_request_output_throughput_token_per_s_quantiles_p25": 174.12798146848314,
    "results_request_output_throughput_token_per_s_quantiles_p50": 185.05116911192525,
    "results_request_output_throughput_token_per_s_quantiles_p75": 194.78558304315206,
    "results_request_output_throughput_token_per_s_quantiles_p90": 205.72465766972073,
    "results_request_output_throughput_token_per_s_quantiles_p95": 206.6765275148216,
    "results_request_output_throughput_token_per_s_quantiles_p99": 207.47064664459037,
    "results_request_output_throughput_token_per_s_mean": 184.16473873302962,
    "results_request_output_throughput_token_per_s_min": 148.14488534407178,
    "results_request_output_throughput_token_per_s_max": 207.75668960435118,
    "results_request_output_throughput_token_per_s_stddev": 15.697887254302277,
    "results_number_input_tokens_quantiles_p25": 550.0,
    "results_number_input_tokens_quantiles_p50": 550.0,
    "results_number_input_tokens_quantiles_p75": 550.0,
    "results_number_input_tokens_quantiles_p90": 550.0,
    "results_number_input_tokens_quantiles_p95": 550.0,
    "results_number_input_tokens_quantiles_p99": 550.0,
    "results_number_input_tokens_mean": 550.0,
    "results_number_input_tokens_min": "550",
    "results_number_input_tokens_max": "550",
    "results_number_input_tokens_stddev": 0.0,
    "results_number_output_tokens_quantiles_p25": 150.0,
    "results_number_output_tokens_quantiles_p50": 150.0,
    "results_number_output_tokens_quantiles_p75": 150.0,
    "results_number_output_tokens_quantiles_p90": 150.0,
    "results_number_output_tokens_quantiles_p95": 150.0,
    "results_number_output_tokens_quantiles_p99": 150.0,
    "results_number_output_tokens_mean": 150.0,
    "results_number_output_tokens_min": "150",
    "results_number_output_tokens_max": "150",
    "results_number_output_tokens_stddev": 0.0,
    "results_num_requests_started": 150,
    "results_error_rate": 0.0,
    "results_number_errors": 0,
    "results_error_code_frequency": "{}",
    "results_mean_output_throughput_token_per_s": 441.84737788500206,
    "results_num_completed_requests": 150,
    "results_num_completed_requests_per_min": 176.73895115400083,
    "framework": "groq",
    "timestamp": 1704851704
}