{
    "version": "2023-08-31",
    "name": "llama2-70b_550_150_summary",
    "model": "llama2-70b",
    "mean_input_tokens": 550,
    "stddev_input_tokens": 0,
    "mean_output_tokens": 150,
    "stddev_output_tokens": 0,
    "num_concurrent_requests": 5,
    "results_inter_token_latency_s_quantiles_p25": 0.029818734925496755,
    "results_inter_token_latency_s_quantiles_p50": 0.03027240502980114,
    "results_inter_token_latency_s_quantiles_p75": 0.030857257048013495,
    "results_inter_token_latency_s_quantiles_p90": 0.03118954086887437,
    "results_inter_token_latency_s_quantiles_p95": 0.03208403635190591,
    "results_inter_token_latency_s_quantiles_p99": 0.03222107121080683,
    "results_inter_token_latency_s_mean": 0.03019385915753508,
    "results_inter_token_latency_s_min": 0.025374848178808553,
    "results_inter_token_latency_s_max": 0.03225532992553205,
    "results_inter_token_latency_s_stddev": 0.0013812752409298964,
    "results_ttft_s_quantiles_p25": 0.8174913274999973,
    "results_ttft_s_quantiles_p50": 0.9253247535,
    "results_ttft_s_quantiles_p75": 0.9615474547500042,
    "results_ttft_s_quantiles_p90": 0.9960288237000129,
    "results_ttft_s_quantiles_p95": 1.0116229022499867,
    "results_ttft_s_quantiles_p99": 1.0996286260500008,
    "results_ttft_s_mean": 0.899458765500001,
    "results_ttft_s_min": 0.716561487000007,
    "results_ttft_s_max": 1.1216300570000044,
    "results_ttft_s_stddev": 0.10681339869056596,
    "results_end_to_end_latency_s_quantiles_p25": 4.489251341749991,
    "results_end_to_end_latency_s_quantiles_p50": 4.5665602680000035,
    "results_end_to_end_latency_s_quantiles_p75": 4.6469722714999975,
    "results_end_to_end_latency_s_quantiles_p90": 4.687536571499999,
    "results_end_to_end_latency_s_quantiles_p95": 4.703392735849998,
    "results_end_to_end_latency_s_quantiles_p99": 4.816542278370001,
    "results_end_to_end_latency_s_mean": 4.4687493720500004,
    "results_end_to_end_latency_s_min": 3.033180637000001,
    "results_end_to_end_latency_s_max": 4.844829664000002,
    "results_end_to_end_latency_s_stddev": 0.3902995557056171,
    "results_request_output_throughput_token_per_s_quantiles_p25": 11.155964522326888,
    "results_request_output_throughput_token_per_s_quantiles_p50": 11.372748706784517,
    "results_request_output_throughput_token_per_s_quantiles_p75": 11.544956176452217,
    "results_request_output_throughput_token_per_s_quantiles_p90": 11.696003047285412,
    "results_request_output_throughput_token_per_s_quantiles_p95": 11.87767547793662,
    "results_request_output_throughput_token_per_s_quantiles_p99": 13.22879086022167,
    "results_request_output_throughput_token_per_s_mean": 11.437221553175666,
    "results_request_output_throughput_token_per_s_min": 10.733091482326255,
    "results_request_output_throughput_token_per_s_max": 13.566569705792936,
    "results_request_output_throughput_token_per_s_stddev": 0.5678658959120528,
    "results_number_input_tokens_quantiles_p25": 550.0,
    "results_number_input_tokens_quantiles_p50": 550.0,
    "results_number_input_tokens_quantiles_p75": 550.0,
    "results_number_input_tokens_quantiles_p90": 550.0,
    "results_number_input_tokens_quantiles_p95": 550.0,
    "results_number_input_tokens_quantiles_p99": 550.0,
    "results_number_input_tokens_mean": 550.0,
    "results_number_input_tokens_min": "550",
    "results_number_input_tokens_max": "550",
    "results_number_input_tokens_stddev": 0.0,
    "results_number_output_tokens_quantiles_p25": 151.0,
    "results_number_output_tokens_quantiles_p50": 151.0,
    "results_number_output_tokens_quantiles_p75": 151.0,
    "results_number_output_tokens_quantiles_p90": 151.0,
    "results_number_output_tokens_quantiles_p95": 151.0,
    "results_number_output_tokens_quantiles_p99": 151.0,
    "results_number_output_tokens_mean": 148.15,
    "results_number_output_tokens_min": "94",
    "results_number_output_tokens_max": "151",
    "results_number_output_tokens_stddev": 12.7455874717488,
    "results_num_requests_started": 150,
    "results_error_rate": 0.8666666666666667,
    "results_number_errors": 130,
    "results_error_code_frequency": "{429.0: 130}",
    "results_mean_output_throughput_token_per_s": 53.02189174249291,
    "results_num_completed_requests": 20,
    "results_num_completed_requests_per_min": 21.473597735737933,
    "framework": "lepton",
    "model_size": "70b",
    "api": "https://llama2-70b.lepton.run/api/v1",
    "timestamp": 1703638336
}