{
    "version": "2023-08-31",
    "name": "llama2-7b_550_150_summary",
    "model": "llama2-7b",
    "mean_input_tokens": 550,
    "stddev_input_tokens": 0,
    "mean_output_tokens": 150,
    "stddev_output_tokens": 0,
    "num_concurrent_requests": 5,
    "results_inter_token_latency_s_quantiles_p25": 0.02635451365066074,
    "results_inter_token_latency_s_quantiles_p50": 0.02753337653311292,
    "results_inter_token_latency_s_quantiles_p75": 0.028867687761590724,
    "results_inter_token_latency_s_quantiles_p90": 0.029487915217220308,
    "results_inter_token_latency_s_quantiles_p95": 0.03010367305927313,
    "results_inter_token_latency_s_quantiles_p99": 0.03042632395755008,
    "results_inter_token_latency_s_mean": 0.027627672373711026,
    "results_inter_token_latency_s_min": 0.025009378606667194,
    "results_inter_token_latency_s_max": 0.03050698668211932,
    "results_inter_token_latency_s_stddev": 0.001560978412020049,
    "results_ttft_s_quantiles_p25": 1.0436444797500144,
    "results_ttft_s_quantiles_p50": 1.130960661500012,
    "results_ttft_s_quantiles_p75": 1.1818115550000385,
    "results_ttft_s_quantiles_p90": 1.270133021299978,
    "results_ttft_s_quantiles_p95": 1.2931924024000125,
    "results_ttft_s_quantiles_p99": 1.321790463679989,
    "results_ttft_s_mean": 1.1107598410000066,
    "results_ttft_s_min": 0.8804335099999889,
    "results_ttft_s_max": 1.3289399789999834,
    "results_ttft_s_stddev": 0.13178586631638076,
    "results_end_to_end_latency_s_quantiles_p25": 3.98076722925002,
    "results_end_to_end_latency_s_quantiles_p50": 4.158821544999995,
    "results_end_to_end_latency_s_quantiles_p75": 4.359813146999997,
    "results_end_to_end_latency_s_quantiles_p90": 4.454677513299993,
    "results_end_to_end_latency_s_quantiles_p95": 4.546789975150006,
    "results_end_to_end_latency_s_quantiles_p99": 4.596644503030035,
    "results_end_to_end_latency_s_mean": 4.1720064428500025,
    "results_end_to_end_latency_s_min": 3.753319342999987,
    "results_end_to_end_latency_s_max": 4.609108135000042,
    "results_end_to_end_latency_s_stddev": 0.23814782112686117,
    "results_request_output_throughput_token_per_s_quantiles_p25": 11.927230549027284,
    "results_request_output_throughput_token_per_s_quantiles_p50": 12.503557982582048,
    "results_request_output_throughput_token_per_s_quantiles_p75": 13.062808834899528,
    "results_request_output_throughput_token_per_s_quantiles_p90": 13.379084605839072,
    "results_request_output_throughput_token_per_s_quantiles_p95": 13.730484300721157,
    "results_request_output_throughput_token_per_s_quantiles_p99": 13.829619523246373,
    "results_request_output_throughput_token_per_s_mean": 12.502821054597955,
    "results_request_output_throughput_token_per_s_min": 11.282009116932885,
    "results_request_output_throughput_token_per_s_max": 13.854403328877678,
    "results_request_output_throughput_token_per_s_stddev": 0.7167571467307742,
    "results_number_input_tokens_quantiles_p25": 550.0,
    "results_number_input_tokens_quantiles_p50": 550.0,
    "results_number_input_tokens_quantiles_p75": 550.0,
    "results_number_input_tokens_quantiles_p90": 550.0,
    "results_number_input_tokens_quantiles_p95": 550.0,
    "results_number_input_tokens_quantiles_p99": 550.0,
    "results_number_input_tokens_mean": 550.0,
    "results_number_input_tokens_min": "550",
    "results_number_input_tokens_max": "550",
    "results_number_input_tokens_stddev": 0.0,
    "results_number_output_tokens_quantiles_p25": 151.0,
    "results_number_output_tokens_quantiles_p50": 151.0,
    "results_number_output_tokens_quantiles_p75": 151.0,
    "results_number_output_tokens_quantiles_p90": 151.0,
    "results_number_output_tokens_quantiles_p95": 151.0,
    "results_number_output_tokens_quantiles_p99": 151.0,
    "results_number_output_tokens_mean": 150.95,
    "results_number_output_tokens_min": "150",
    "results_number_output_tokens_max": "151",
    "results_number_output_tokens_stddev": 0.22360679774997896,
    "results_num_requests_started": 150,
    "results_error_rate": 0.8666666666666667,
    "results_number_errors": 130,
    "results_error_code_frequency": "{429.0: 130}",
    "results_mean_output_throughput_token_per_s": 55.904209686613335,
    "results_num_completed_requests": 20,
    "results_num_completed_requests_per_min": 22.220951183814506,
    "framework": "lepton",
    "model_size": "7b",
    "api": "https://llama2-7b.lepton.run/api/v1",
    "timestamp": 1703638574
}