{
    "version": "2023-08-31",
    "name": "llama2-13b_550_150_summary",
    "model": "llama2-13b",
    "mean_input_tokens": 550,
    "stddev_input_tokens": 0,
    "mean_output_tokens": 150,
    "stddev_output_tokens": 0,
    "num_concurrent_requests": 5,
    "results_inter_token_latency_s_quantiles_p25": 0.02261742403973374,
    "results_inter_token_latency_s_quantiles_p50": 0.023172122364239302,
    "results_inter_token_latency_s_quantiles_p75": 0.023764789715231594,
    "results_inter_token_latency_s_quantiles_p90": 0.024316105952318215,
    "results_inter_token_latency_s_quantiles_p95": 0.02547856666887493,
    "results_inter_token_latency_s_quantiles_p99": 0.026427732883443633,
    "results_inter_token_latency_s_mean": 0.023277394532119022,
    "results_inter_token_latency_s_min": 0.020819703715231234,
    "results_inter_token_latency_s_max": 0.02666502443708581,
    "results_inter_token_latency_s_stddev": 0.001286909635314969,
    "results_ttft_s_quantiles_p25": 0.9538113767499823,
    "results_ttft_s_quantiles_p50": 1.0804184455000012,
    "results_ttft_s_quantiles_p75": 1.1458182187499872,
    "results_ttft_s_quantiles_p90": 1.2053850154999937,
    "results_ttft_s_quantiles_p95": 1.2408523076999858,
    "results_ttft_s_quantiles_p99": 1.3719118711400036,
    "results_ttft_s_mean": 1.0672002336499957,
    "results_ttft_s_min": 0.8231133930000283,
    "results_ttft_s_max": 1.4046767620000082,
    "results_ttft_s_stddev": 0.13627032914891074,
    "results_end_to_end_latency_s_quantiles_p25": 3.4181142482500206,
    "results_end_to_end_latency_s_quantiles_p50": 3.504556621500001,
    "results_end_to_end_latency_s_quantiles_p75": 3.5939567139999866,
    "results_end_to_end_latency_s_quantiles_p90": 3.6776304512999873,
    "results_end_to_end_latency_s_quantiles_p95": 3.8596085909500206,
    "results_end_to_end_latency_s_quantiles_p99": 3.999063741390012,
    "results_end_to_end_latency_s_mean": 3.520992971849998,
    "results_end_to_end_latency_s_min": 3.1466475880000075,
    "results_end_to_end_latency_s_max": 4.03392752900001,
    "results_end_to_end_latency_s_stddev": 0.19540470053027587,
    "results_request_output_throughput_token_per_s_quantiles_p25": 14.468915220555104,
    "results_request_output_throughput_token_per_s_quantiles_p50": 14.837917057262526,
    "results_request_output_throughput_token_per_s_quantiles_p75": 15.213701422580037,
    "results_request_output_throughput_token_per_s_quantiles_p90": 15.692195115794842,
    "results_request_output_throughput_token_per_s_quantiles_p95": 15.84376916791445,
    "results_request_output_throughput_token_per_s_quantiles_p99": 16.38917297382755,
    "results_request_output_throughput_token_per_s_mean": 14.810643789453005,
    "results_request_output_throughput_token_per_s_min": 12.890662915030239,
    "results_request_output_throughput_token_per_s_max": 16.525523925305826,
    "results_request_output_throughput_token_per_s_stddev": 0.8011611545431732,
    "results_number_input_tokens_quantiles_p25": 550.0,
    "results_number_input_tokens_quantiles_p50": 550.0,
    "results_number_input_tokens_quantiles_p75": 550.0,
    "results_number_input_tokens_quantiles_p90": 550.0,
    "results_number_input_tokens_quantiles_p95": 550.0,
    "results_number_input_tokens_quantiles_p99": 550.0,
    "results_number_input_tokens_mean": 550.0,
    "results_number_input_tokens_min": "550",
    "results_number_input_tokens_max": "550",
    "results_number_input_tokens_stddev": 0.0,
    "results_number_output_tokens_quantiles_p25": 151.0,
    "results_number_output_tokens_quantiles_p50": 151.0,
    "results_number_output_tokens_quantiles_p75": 151.0,
    "results_number_output_tokens_quantiles_p90": 151.0,
    "results_number_output_tokens_quantiles_p95": 151.0,
    "results_number_output_tokens_quantiles_p99": 151.0,
    "results_number_output_tokens_mean": 151.0,
    "results_number_output_tokens_min": "151",
    "results_number_output_tokens_max": "151",
    "results_number_output_tokens_stddev": 0.0,
    "results_num_requests_started": 150,
    "results_error_rate": 0.8666666666666667,
    "results_number_errors": 130,
    "results_error_code_frequency": "{429.0: 130}",
    "results_mean_output_throughput_token_per_s": 59.29342568262707,
    "results_num_completed_requests": 20,
    "results_num_completed_requests_per_min": 23.560301595745855,
    "framework": "lepton",
    "model_size": "13b",
    "api": "https://llama2-13b.lepton.run/api/v1",
    "timestamp": 1703638453
}