{
    "version": "2023-08-31",
    "name": "llama-2-70b-chat_550_150_summary",
    "model": "llama-2-70b-chat",
    "mean_input_tokens": 550,
    "stddev_input_tokens": 0,
    "mean_output_tokens": 150,
    "stddev_output_tokens": 0,
    "num_concurrent_requests": 5,
    "results_inter_token_latency_s_quantiles_p25": 0.03225505224006607,
    "results_inter_token_latency_s_quantiles_p50": 0.03300525558940448,
    "results_inter_token_latency_s_quantiles_p75": 0.034864948200330814,
    "results_inter_token_latency_s_quantiles_p90": 0.037195702945694964,
    "results_inter_token_latency_s_quantiles_p95": 0.038137564179138904,
    "results_inter_token_latency_s_quantiles_p99": 0.041171030429137064,
    "results_inter_token_latency_s_mean": 0.03385943721075912,
    "results_inter_token_latency_s_min": 0.022528405993379137,
    "results_inter_token_latency_s_max": 0.11225700500000357,
    "results_inter_token_latency_s_stddev": 0.007124768083831723,
    "results_ttft_s_quantiles_p25": 0.34191575974999466,
    "results_ttft_s_quantiles_p50": 0.36606876099999397,
    "results_ttft_s_quantiles_p75": 0.5168331292499957,
    "results_ttft_s_quantiles_p90": 0.6117559430999961,
    "results_ttft_s_quantiles_p95": 0.6342550717999984,
    "results_ttft_s_quantiles_p99": 0.6586804771299839,
    "results_ttft_s_mean": 0.4190719783040514,
    "results_ttft_s_min": 0.2909086539999919,
    "results_ttft_s_max": 0.6854942569999594,
    "results_ttft_s_stddev": 0.11097624408459604,
    "results_end_to_end_latency_s_quantiles_p25": 4.854495544000002,
    "results_end_to_end_latency_s_quantiles_p50": 4.972203165499991,
    "results_end_to_end_latency_s_quantiles_p75": 5.218994853499979,
    "results_end_to_end_latency_s_quantiles_p90": 5.513224774600002,
    "results_end_to_end_latency_s_quantiles_p95": 5.738000506200004,
    "results_end_to_end_latency_s_quantiles_p99": 5.837655342359994,
    "results_end_to_end_latency_s_mean": 4.937405388824325,
    "results_end_to_end_latency_s_min": 0.48709777000001964,
    "results_end_to_end_latency_s_max": 6.097508430999994,
    "results_end_to_end_latency_s_stddev": 0.657084598108583,
    "results_request_output_throughput_token_per_s_quantiles_p25": 14.422551969913732,
    "results_request_output_throughput_token_per_s_quantiles_p50": 15.249050935671297,
    "results_request_output_throughput_token_per_s_quantiles_p75": 15.603636603294841,
    "results_request_output_throughput_token_per_s_quantiles_p90": 16.079071569899597,
    "results_request_output_throughput_token_per_s_quantiles_p95": 18.2674915350097,
    "results_request_output_throughput_token_per_s_quantiles_p99": 21.996483354068864,
    "results_request_output_throughput_token_per_s_mean": 15.172296701506799,
    "results_request_output_throughput_token_per_s_min": 6.158927806218204,
    "results_request_output_throughput_token_per_s_max": 22.340442159032765,
    "results_request_output_throughput_token_per_s_stddev": 1.6956196537390036,
    "results_number_input_tokens_quantiles_p25": 550.0,
    "results_number_input_tokens_quantiles_p50": 550.0,
    "results_number_input_tokens_quantiles_p75": 550.0,
    "results_number_input_tokens_quantiles_p90": 550.0,
    "results_number_input_tokens_quantiles_p95": 550.0,
    "results_number_input_tokens_quantiles_p99": 550.0,
    "results_number_input_tokens_mean": 550.0,
    "results_number_input_tokens_min": "550",
    "results_number_input_tokens_max": "550",
    "results_number_input_tokens_stddev": 0.0,
    "results_number_output_tokens_quantiles_p25": 151.0,
    "results_number_output_tokens_quantiles_p50": 151.0,
    "results_number_output_tokens_quantiles_p75": 151.0,
    "results_number_output_tokens_quantiles_p90": 151.0,
    "results_number_output_tokens_quantiles_p95": 151.0,
    "results_number_output_tokens_quantiles_p99": 151.0,
    "results_number_output_tokens_mean": 148.25,
    "results_number_output_tokens_min": "4",
    "results_number_output_tokens_max": "152",
    "results_number_output_tokens_stddev": 16.473799028207452,
    "results_num_requests_started": 150,
    "results_error_rate": 0.013333333333333334,
    "results_number_errors": 2,
    "results_error_code_frequency": "{429.0: 2}",
    "results_mean_output_throughput_token_per_s": 126.05102586791163,
    "results_num_completed_requests": 148,
    "results_num_completed_requests_per_min": 51.015592256827645,
    "framework": "perplexity",
    "model_size": "70b",
    "api": "https://api.perplexity.ai",
    "timestamp": 1703294073
}