{
    "version": "2023-08-31",
    "name": "meta-llama-2-13b-chat-f4e2de70d66816a838a89eeeb621910adffb0dd0baba3976c96980970978018d_550_150_summary",
    "model": "meta/llama-2-13b-chat:f4e2de70d66816a838a89eeeb621910adffb0dd0baba3976c96980970978018d",
    "mean_input_tokens": 550,
    "stddev_input_tokens": 0,
    "mean_output_tokens": 150,
    "stddev_output_tokens": 0,
    "num_concurrent_requests": 5,
    "results_inter_token_latency_s_quantiles_p25": 0.049019177349609144,
    "results_inter_token_latency_s_quantiles_p50": 0.06099507370006813,
    "results_inter_token_latency_s_quantiles_p75": 0.08580374860351458,
    "results_inter_token_latency_s_quantiles_p90": 0.12730417660930052,
    "results_inter_token_latency_s_quantiles_p95": 0.1403539912128899,
    "results_inter_token_latency_s_quantiles_p99": 0.15110792330875072,
    "results_inter_token_latency_s_mean": 0.06983799560808991,
    "results_inter_token_latency_s_min": 0.028212838093747195,
    "results_inter_token_latency_s_max": 0.1792006022117595,
    "results_inter_token_latency_s_stddev": 0.034378871984922114,
    "results_ttft_s_quantiles_p25": 3.6218016852498067,
    "results_ttft_s_quantiles_p50": 5.648060259499971,
    "results_ttft_s_quantiles_p75": 8.310162203999937,
    "results_ttft_s_quantiles_p90": 13.220316872900094,
    "results_ttft_s_quantiles_p95": 14.759346525600042,
    "results_ttft_s_quantiles_p99": 16.70894257330991,
    "results_ttft_s_mean": 6.265785780673321,
    "results_ttft_s_min": 0.9772925889999442,
    "results_ttft_s_max": 17.012342735999937,
    "results_ttft_s_stddev": 4.221817513886434,
    "results_end_to_end_latency_s_quantiles_p25": 5.691024978250084,
    "results_end_to_end_latency_s_quantiles_p50": 7.798709425500078,
    "results_end_to_end_latency_s_quantiles_p75": 10.984008389749931,
    "results_end_to_end_latency_s_quantiles_p90": 15.802824447400122,
    "results_end_to_end_latency_s_quantiles_p95": 17.083716807800087,
    "results_end_to_end_latency_s_quantiles_p99": 19.051367647780047,
    "results_end_to_end_latency_s_mean": 8.763420827620017,
    "results_end_to_end_latency_s_min": 3.6119466349998675,
    "results_end_to_end_latency_s_max": 19.600609140000188,
    "results_end_to_end_latency_s_stddev": 4.164185199391388,
    "results_request_output_throughput_token_per_s_quantiles_p25": 0.4525594550634495,
    "results_request_output_throughput_token_per_s_quantiles_p50": 0.5951243779356298,
    "results_request_output_throughput_token_per_s_quantiles_p75": 0.7953321562093411,
    "results_request_output_throughput_token_per_s_quantiles_p90": 1.3289556203654973,
    "results_request_output_throughput_token_per_s_quantiles_p95": 1.3565844735163042,
    "results_request_output_throughput_token_per_s_quantiles_p99": 1.3744184689363517,
    "results_request_output_throughput_token_per_s_mean": 0.6745381431919419,
    "results_request_output_throughput_token_per_s_min": 0.08055496870567234,
    "results_request_output_throughput_token_per_s_max": 1.3842950921671586,
    "results_request_output_throughput_token_per_s_stddev": 0.32797737053766735,
    "results_number_input_tokens_quantiles_p25": 550.0,
    "results_number_input_tokens_quantiles_p50": 550.0,
    "results_number_input_tokens_quantiles_p75": 550.0,
    "results_number_input_tokens_quantiles_p90": 550.0,
    "results_number_input_tokens_quantiles_p95": 550.0,
    "results_number_input_tokens_quantiles_p99": 550.0,
    "results_number_input_tokens_mean": 550.0,
    "results_number_input_tokens_min": "550",
    "results_number_input_tokens_max": "550",
    "results_number_input_tokens_stddev": 0.0,
    "results_number_output_tokens_quantiles_p25": 128.0,
    "results_number_output_tokens_quantiles_p50": 128.0,
    "results_number_output_tokens_quantiles_p75": 128.0,
    "results_number_output_tokens_quantiles_p90": 128.0,
    "results_number_output_tokens_quantiles_p95": 128.0,
    "results_number_output_tokens_quantiles_p99": 128.0,
    "results_number_output_tokens_mean": 126.36666666666666,
    "results_number_output_tokens_min": "85",
    "results_number_output_tokens_max": "129",
    "results_number_output_tokens_stddev": 7.433297719640611,
    "results_num_requests_started": 150,
    "results_error_rate": 0.0,
    "results_number_errors": 0,
    "results_error_code_frequency": "{}",
    "results_mean_output_throughput_token_per_s": 45.94058863545459,
    "results_num_completed_requests": 150,
    "results_num_completed_requests_per_min": 21.81299381266638,
    "framework": "replicate",
    "model_size": "13b",
    "timestamp": 1703639602
}