{
    "version": "2023-08-31",
    "name": "meta-llama-2-70b-chat-02e509c789964a7ea8736978a43525956ef40397be9033abf9fd2badfe68c9e3_550_150_summary",
    "model": "meta/llama-2-70b-chat:02e509c789964a7ea8736978a43525956ef40397be9033abf9fd2badfe68c9e3",
    "mean_input_tokens": 550,
    "stddev_input_tokens": 0,
    "mean_output_tokens": 150,
    "stddev_output_tokens": 0,
    "num_concurrent_requests": 5,
    "results_inter_token_latency_s_quantiles_p25": 0.09592571333870997,
    "results_inter_token_latency_s_quantiles_p50": 0.0969132519453142,
    "results_inter_token_latency_s_quantiles_p75": 0.09885426178125023,
    "results_inter_token_latency_s_quantiles_p90": 0.17986193716874954,
    "results_inter_token_latency_s_quantiles_p95": 0.27279492284843915,
    "results_inter_token_latency_s_quantiles_p99": 0.5917878928010408,
    "results_inter_token_latency_s_mean": 0.12792697207977663,
    "results_inter_token_latency_s_min": 0.09081804790625014,
    "results_inter_token_latency_s_max": 0.6471492041496039,
    "results_inter_token_latency_s_stddev": 0.09788043448832782,
    "results_ttft_s_quantiles_p25": 1.0267119310000226,
    "results_ttft_s_quantiles_p50": 1.1879947680000669,
    "results_ttft_s_quantiles_p75": 1.6990152909999097,
    "results_ttft_s_quantiles_p90": 12.323396534799963,
    "results_ttft_s_quantiles_p95": 24.228118668400032,
    "results_ttft_s_quantiles_p99": 63.62644487116,
    "results_ttft_s_mean": 5.083249257606895,
    "results_ttft_s_min": 0.9703643660000125,
    "results_ttft_s_max": 71.56501980800005,
    "results_ttft_s_stddev": 12.115997096390545,
    "results_end_to_end_latency_s_quantiles_p25": 12.259277042000008,
    "results_end_to_end_latency_s_quantiles_p50": 12.370869038000023,
    "results_end_to_end_latency_s_quantiles_p75": 12.542979601999946,
    "results_end_to_end_latency_s_quantiles_p90": 23.023311803999945,
    "results_end_to_end_latency_s_quantiles_p95": 34.918837340999964,
    "results_end_to_end_latency_s_quantiles_p99": 74.94579868671998,
    "results_end_to_end_latency_s_mean": 15.60567014388965,
    "results_end_to_end_latency_s_min": 2.3086282850000543,
    "results_end_to_end_latency_s_max": 82.18890675799997,
    "results_end_to_end_latency_s_stddev": 12.293372630562555,
    "results_request_output_throughput_token_per_s_quantiles_p25": 1.345619973377813,
    "results_request_output_throughput_token_per_s_quantiles_p50": 1.3829547231596961,
    "results_request_output_throughput_token_per_s_quantiles_p75": 1.4482085414104764,
    "results_request_output_throughput_token_per_s_quantiles_p90": 1.4575113078528914,
    "results_request_output_throughput_token_per_s_quantiles_p95": 1.4643693729828966,
    "results_request_output_throughput_token_per_s_quantiles_p99": 1.4682097645686127,
    "results_request_output_throughput_token_per_s_mean": 1.2768179833117062,
    "results_request_output_throughput_token_per_s_min": 0.20684056608826082,
    "results_request_output_throughput_token_per_s_max": 1.4691551031779015,
    "results_request_output_throughput_token_per_s_stddev": 0.31482044878091536,
    "results_number_input_tokens_quantiles_p25": 550.0,
    "results_number_input_tokens_quantiles_p50": 550.0,
    "results_number_input_tokens_quantiles_p75": 550.0,
    "results_number_input_tokens_quantiles_p90": 550.0,
    "results_number_input_tokens_quantiles_p95": 550.0,
    "results_number_input_tokens_quantiles_p99": 550.0,
    "results_number_input_tokens_mean": 550.0,
    "results_number_input_tokens_min": "550",
    "results_number_input_tokens_max": "550",
    "results_number_input_tokens_stddev": 0.0,
    "results_number_output_tokens_quantiles_p25": 128.0,
    "results_number_output_tokens_quantiles_p50": 128.0,
    "results_number_output_tokens_quantiles_p75": 128.0,
    "results_number_output_tokens_quantiles_p90": 128.0,
    "results_number_output_tokens_quantiles_p95": 128.0,
    "results_number_output_tokens_quantiles_p99": 128.0,
    "results_number_output_tokens_mean": 122.44827586206897,
    "results_number_output_tokens_min": "13",
    "results_number_output_tokens_max": "129",
    "results_number_output_tokens_stddev": 21.682664297417023,
    "results_num_requests_started": 145,
    "results_error_rate": 0.0,
    "results_number_errors": 0,
    "results_error_code_frequency": "{}",
    "results_mean_output_throughput_token_per_s": 29.434595028687124,
    "results_num_completed_requests": 145,
    "results_num_completed_requests_per_min": 14.423034455059305,
    "framework": "replicate",
    "model_size": "70b",
    "timestamp": 1703639184
}