{
    "version": "2023-08-31",
    "name": "meta-llama-2-7b-chat-13c3cdee13ee059ab779f0291d29054dab00a47dad8261375654de5540165fb0_550_150_summary",
    "model": "meta/llama-2-7b-chat:13c3cdee13ee059ab779f0291d29054dab00a47dad8261375654de5540165fb0",
    "mean_input_tokens": 550,
    "stddev_input_tokens": 0,
    "mean_output_tokens": 150,
    "stddev_output_tokens": 0,
    "num_concurrent_requests": 5,
    "results_inter_token_latency_s_quantiles_p25": 0.023589825287508873,
    "results_inter_token_latency_s_quantiles_p50": 0.038873556718749036,
    "results_inter_token_latency_s_quantiles_p75": 0.04975567957617155,
    "results_inter_token_latency_s_quantiles_p90": 0.059938230011718115,
    "results_inter_token_latency_s_quantiles_p95": 0.06105177078359308,
    "results_inter_token_latency_s_quantiles_p99": 0.1889639728424709,
    "results_inter_token_latency_s_mean": 0.0435368534834837,
    "results_inter_token_latency_s_min": 0.012850537554689012,
    "results_inter_token_latency_s_max": 0.575892548000013,
    "results_inter_token_latency_s_stddev": 0.05069694397246456,
    "results_ttft_s_quantiles_p25": 2.313319805250046,
    "results_ttft_s_quantiles_p50": 3.68138592050002,
    "results_ttft_s_quantiles_p75": 5.014060075249972,
    "results_ttft_s_quantiles_p90": 6.306665149899937,
    "results_ttft_s_quantiles_p95": 6.37489015665011,
    "results_ttft_s_quantiles_p99": 6.9882472617400975,
    "results_ttft_s_mean": 3.6102339162199937,
    "results_ttft_s_min": 0.9878919630000382,
    "results_ttft_s_max": 7.200025120999953,
    "results_ttft_s_stddev": 1.8647401622169388,
    "results_end_to_end_latency_s_quantiles_p25": 3.094372164499987,
    "results_end_to_end_latency_s_quantiles_p50": 4.984871104499916,
    "results_end_to_end_latency_s_quantiles_p75": 6.32438424750012,
    "results_end_to_end_latency_s_quantiles_p90": 7.618094468999902,
    "results_end_to_end_latency_s_quantiles_p95": 7.653812141700109,
    "results_end_to_end_latency_s_quantiles_p99": 7.737089358360065,
    "results_end_to_end_latency_s_mean": 4.746106351773321,
    "results_end_to_end_latency_s_min": 1.6455941710000843,
    "results_end_to_end_latency_s_max": 8.529181727999912,
    "results_end_to_end_latency_s_stddev": 1.89975644754598,
    "results_request_output_throughput_token_per_s_quantiles_p25": 0.3996071899411078,
    "results_request_output_throughput_token_per_s_quantiles_p50": 0.5358369512348699,
    "results_request_output_throughput_token_per_s_quantiles_p75": 0.8167311978285723,
    "results_request_output_throughput_token_per_s_quantiles_p90": 1.185386010606862,
    "results_request_output_throughput_token_per_s_quantiles_p95": 1.2654048204897523,
    "results_request_output_throughput_token_per_s_quantiles_p99": 1.2953385866992562,
    "results_request_output_throughput_token_per_s_mean": 0.6279214197379673,
    "results_request_output_throughput_token_per_s_min": 0.19515425292297733,
    "results_request_output_throughput_token_per_s_max": 1.2988892625971764,
    "results_request_output_throughput_token_per_s_stddev": 0.29481317989219125,
    "results_number_input_tokens_quantiles_p25": 550.0,
    "results_number_input_tokens_quantiles_p50": 550.0,
    "results_number_input_tokens_quantiles_p75": 550.0,
    "results_number_input_tokens_quantiles_p90": 550.0,
    "results_number_input_tokens_quantiles_p95": 550.0,
    "results_number_input_tokens_quantiles_p99": 550.0,
    "results_number_input_tokens_mean": 550.0,
    "results_number_input_tokens_min": "550",
    "results_number_input_tokens_max": "550",
    "results_number_input_tokens_stddev": 0.0,
    "results_number_output_tokens_quantiles_p25": 128.0,
    "results_number_output_tokens_quantiles_p50": 128.0,
    "results_number_output_tokens_quantiles_p75": 128.0,
    "results_number_output_tokens_quantiles_p90": 128.0,
    "results_number_output_tokens_quantiles_p95": 128.0,
    "results_number_output_tokens_quantiles_p99": 128.0,
    "results_number_output_tokens_mean": 122.60666666666667,
    "results_number_output_tokens_min": "4",
    "results_number_output_tokens_max": "128",
    "results_number_output_tokens_stddev": 20.26929329205348,
    "results_num_requests_started": 150,
    "results_error_rate": 0.0,
    "results_number_errors": 0,
    "results_error_code_frequency": "{}",
    "results_mean_output_throughput_token_per_s": 72.23007053964504,
    "results_num_completed_requests": 150,
    "results_num_completed_requests_per_min": 35.34721520617723,
    "framework": "replicate",
    "model_size": "7b",
    "timestamp": 1703639863
}