{
    "version": "2023-08-31",
    "name": "together_ai-togethercomputer-llama-2-13b-chat_550_150_summary",
    "model": "together_ai/togethercomputer/llama-2-13b-chat",
    "mean_input_tokens": 550,
    "stddev_input_tokens": 0,
    "mean_output_tokens": 150,
    "stddev_output_tokens": 0,
    "num_concurrent_requests": 5,
    "results_inter_token_latency_s_quantiles_p25": 0.00918214322153094,
    "results_inter_token_latency_s_quantiles_p50": 0.009727575346133586,
    "results_inter_token_latency_s_quantiles_p75": 0.010198519849067533,
    "results_inter_token_latency_s_quantiles_p90": 0.01123688617828415,
    "results_inter_token_latency_s_quantiles_p95": 0.012127414687653775,
    "results_inter_token_latency_s_quantiles_p99": 0.33313528373022216,
    "results_inter_token_latency_s_mean": 0.0184122041367468,
    "results_inter_token_latency_s_min": 0.008051283790961353,
    "results_inter_token_latency_s_max": 0.6721105034900577,
    "results_inter_token_latency_s_stddev": 0.07361603402752695,
    "results_ttft_s_quantiles_p25": 0.456900393000069,
    "results_ttft_s_quantiles_p50": 0.5499440620001224,
    "results_ttft_s_quantiles_p75": 0.6032184819998747,
    "results_ttft_s_quantiles_p90": 0.6572385695998038,
    "results_ttft_s_quantiles_p95": 0.7036023651998675,
    "results_ttft_s_quantiles_p99": 53.2629372003211,
    "results_ttft_s_mean": 1.8956155178858847,
    "results_ttft_s_min": 0.3863755360000596,
    "results_ttft_s_max": 100.46961402600004,
    "results_ttft_s_stddev": 11.531134528718633,
    "results_end_to_end_latency_s_quantiles_p25": 1.5121629459999895,
    "results_end_to_end_latency_s_quantiles_p50": 1.5864668850001635,
    "results_end_to_end_latency_s_quantiles_p75": 1.6761056229997848,
    "results_end_to_end_latency_s_quantiles_p90": 1.7731005455997553,
    "results_end_to_end_latency_s_quantiles_p95": 1.9103481731999636,
    "results_end_to_end_latency_s_quantiles_p99": 54.31436771812106,
    "results_end_to_end_latency_s_mean": 2.9531590633892626,
    "results_end_to_end_latency_s_min": 1.2410081289999653,
    "results_end_to_end_latency_s_max": 101.93191784500004,
    "results_end_to_end_latency_s_stddev": 11.560251315312419,
    "results_request_output_throughput_token_per_s_quantiles_p25": 88.57567025899415,
    "results_request_output_throughput_token_per_s_quantiles_p50": 93.71222528597723,
    "results_request_output_throughput_token_per_s_quantiles_p75": 98.18718496276367,
    "results_request_output_throughput_token_per_s_quantiles_p90": 102.95051435407512,
    "results_request_output_throughput_token_per_s_quantiles_p95": 104.49997174857853,
    "results_request_output_throughput_token_per_s_quantiles_p99": 111.48190646786696,
    "results_request_output_throughput_token_per_s_mean": 91.90136313978078,
    "results_request_output_throughput_token_per_s_min": 1.471570467535923,
    "results_request_output_throughput_token_per_s_max": 113.42918184461696,
    "results_request_output_throughput_token_per_s_stddev": 13.852834592119574,
    "results_number_input_tokens_quantiles_p25": 550.0,
    "results_number_input_tokens_quantiles_p50": 550.0,
    "results_number_input_tokens_quantiles_p75": 550.0,
    "results_number_input_tokens_quantiles_p90": 550.0,
    "results_number_input_tokens_quantiles_p95": 550.0,
    "results_number_input_tokens_quantiles_p99": 550.0,
    "results_number_input_tokens_mean": 550.0,
    "results_number_input_tokens_min": "550",
    "results_number_input_tokens_max": "550",
    "results_number_input_tokens_stddev": 0.0,
    "results_number_output_tokens_quantiles_p25": 155.0,
    "results_number_output_tokens_quantiles_p50": 161.0,
    "results_number_output_tokens_quantiles_p75": 172.0,
    "results_number_output_tokens_quantiles_p90": 176.0,
    "results_number_output_tokens_quantiles_p95": 177.0,
    "results_number_output_tokens_quantiles_p99": 179.0,
    "results_number_output_tokens_mean": 162.8255033557047,
    "results_number_output_tokens_min": "107",
    "results_number_output_tokens_max": "190",
    "results_number_output_tokens_stddev": 10.695244929548329,
    "results_num_requests_started": 150,
    "results_error_rate": 0.006666666666666667,
    "results_number_errors": 1,
    "results_error_code_frequency": "{-1.0: 1}",
    "results_mean_output_throughput_token_per_s": 86.2774490346918,
    "results_num_completed_requests": 149,
    "results_num_completed_requests_per_min": 31.79260518404619,
    "framework": "together",
    "model_size": "13b",
    "timestamp": 1702985889
}