{
    "version": "2023-08-31",
    "name": "together_ai-togethercomputer-llama-2-70b-chat_550_150_summary",
    "model": "together_ai/togethercomputer/llama-2-70b-chat",
    "mean_input_tokens": 550,
    "stddev_input_tokens": 0,
    "mean_output_tokens": 150,
    "stddev_output_tokens": 0,
    "num_concurrent_requests": 5,
    "results_inter_token_latency_s_quantiles_p25": 0.014587078704848178,
    "results_inter_token_latency_s_quantiles_p50": 0.015327874889649842,
    "results_inter_token_latency_s_quantiles_p75": 0.016175238225049408,
    "results_inter_token_latency_s_quantiles_p90": 0.01765047838994083,
    "results_inter_token_latency_s_quantiles_p95": 0.01927163702593405,
    "results_inter_token_latency_s_quantiles_p99": 0.02298268422583065,
    "results_inter_token_latency_s_mean": 0.01578128072700586,
    "results_inter_token_latency_s_min": 0.012565247661019888,
    "results_inter_token_latency_s_max": 0.0400967791707422,
    "results_inter_token_latency_s_stddev": 0.002657875367725494,
    "results_ttft_s_quantiles_p25": 0.5462764004998917,
    "results_ttft_s_quantiles_p50": 0.6352748079999628,
    "results_ttft_s_quantiles_p75": 0.6742352802500022,
    "results_ttft_s_quantiles_p90": 0.7336474150000185,
    "results_ttft_s_quantiles_p95": 0.7701076469499295,
    "results_ttft_s_quantiles_p99": 0.8708675934700044,
    "results_ttft_s_mean": 0.622329721273333,
    "results_ttft_s_min": 0.4559363839998696,
    "results_ttft_s_max": 0.8913441990000592,
    "results_ttft_s_stddev": 0.09040484094587684,
    "results_end_to_end_latency_s_quantiles_p25": 2.31863943750011,
    "results_end_to_end_latency_s_quantiles_p50": 2.4384245429999964,
    "results_end_to_end_latency_s_quantiles_p75": 2.5884215027498954,
    "results_end_to_end_latency_s_quantiles_p90": 2.847279354899888,
    "results_end_to_end_latency_s_quantiles_p95": 2.9967581774500767,
    "results_end_to_end_latency_s_quantiles_p99": 3.534966199110031,
    "results_end_to_end_latency_s_mean": 2.4906428459,
    "results_end_to_end_latency_s_min": 1.6547418510001535,
    "results_end_to_end_latency_s_max": 3.5580187940001906,
    "results_end_to_end_latency_s_stddev": 0.2763359001652295,
    "results_request_output_throughput_token_per_s_quantiles_p25": 57.40526750192022,
    "results_request_output_throughput_token_per_s_quantiles_p50": 60.94055372782086,
    "results_request_output_throughput_token_per_s_quantiles_p75": 64.18838356524923,
    "results_request_output_throughput_token_per_s_quantiles_p90": 66.40442218708546,
    "results_request_output_throughput_token_per_s_quantiles_p95": 67.41833996028136,
    "results_request_output_throughput_token_per_s_quantiles_p99": 70.27175773744192,
    "results_request_output_throughput_token_per_s_mean": 59.88706863756876,
    "results_request_output_throughput_token_per_s_min": 23.568630947738313,
    "results_request_output_throughput_token_per_s_max": 70.78387915281183,
    "results_request_output_throughput_token_per_s_stddev": 6.433590933211629,
    "results_number_input_tokens_quantiles_p25": 550.0,
    "results_number_input_tokens_quantiles_p50": 550.0,
    "results_number_input_tokens_quantiles_p75": 550.0,
    "results_number_input_tokens_quantiles_p90": 550.0,
    "results_number_input_tokens_quantiles_p95": 550.0,
    "results_number_input_tokens_quantiles_p99": 550.0,
    "results_number_input_tokens_mean": 550.0,
    "results_number_input_tokens_min": "550",
    "results_number_input_tokens_max": "550",
    "results_number_input_tokens_stddev": 0.0,
    "results_number_output_tokens_quantiles_p25": 154.25,
    "results_number_output_tokens_quantiles_p50": 157.0,
    "results_number_output_tokens_quantiles_p75": 161.75,
    "results_number_output_tokens_quantiles_p90": 175.0,
    "results_number_output_tokens_quantiles_p95": 177.0,
    "results_number_output_tokens_quantiles_p99": 178.51,
    "results_number_output_tokens_mean": 158.59333333333333,
    "results_number_output_tokens_min": "41",
    "results_number_output_tokens_max": "188",
    "results_number_output_tokens_stddev": 12.875290661561268,
    "results_num_requests_started": 150,
    "results_error_rate": 0.0,
    "results_number_errors": 0,
    "results_error_code_frequency": "{}",
    "results_mean_output_throughput_token_per_s": 216.45553311958628,
    "results_num_completed_requests": 150,
    "results_num_completed_requests_per_min": 81.89078137274691,
    "framework": "together",
    "model_size": "70b",
    "timestamp": 1702985493
}