{
    "version": "2023-08-31",
    "name": "together_ai-togethercomputer-llama-2-7b-chat_550_150_summary",
    "model": "together_ai/togethercomputer/llama-2-7b-chat",
    "mean_input_tokens": 550,
    "stddev_input_tokens": 0,
    "mean_output_tokens": 150,
    "stddev_output_tokens": 0,
    "num_concurrent_requests": 5,
    "results_inter_token_latency_s_quantiles_p25": 0.012302910035304268,
    "results_inter_token_latency_s_quantiles_p50": 0.013214473259267265,
    "results_inter_token_latency_s_quantiles_p75": 0.014167514362376094,
    "results_inter_token_latency_s_quantiles_p90": 0.014966241846958366,
    "results_inter_token_latency_s_quantiles_p95": 0.016647700669182797,
    "results_inter_token_latency_s_quantiles_p99": 0.019118173750376694,
    "results_inter_token_latency_s_mean": 0.013428959907601326,
    "results_inter_token_latency_s_min": 0.010459371732953183,
    "results_inter_token_latency_s_max": 0.019999641827819728,
    "results_inter_token_latency_s_stddev": 0.0016779956267608232,
    "results_ttft_s_quantiles_p25": 0.464976068999988,
    "results_ttft_s_quantiles_p50": 0.5188384269999915,
    "results_ttft_s_quantiles_p75": 0.7102999747501144,
    "results_ttft_s_quantiles_p90": 0.7910951056001976,
    "results_ttft_s_quantiles_p95": 0.8380255858001078,
    "results_ttft_s_quantiles_p99": 0.9361088764299665,
    "results_ttft_s_mean": 0.5825819253933302,
    "results_ttft_s_min": 0.41610553600003186,
    "results_ttft_s_max": 0.9496017169999504,
    "results_ttft_s_stddev": 0.14369118085641022,
    "results_end_to_end_latency_s_quantiles_p25": 2.1465826822500844,
    "results_end_to_end_latency_s_quantiles_p50": 2.29238539749997,
    "results_end_to_end_latency_s_quantiles_p75": 2.459867073000055,
    "results_end_to_end_latency_s_quantiles_p90": 2.5962431250999085,
    "results_end_to_end_latency_s_quantiles_p95": 2.718201686700024,
    "results_end_to_end_latency_s_quantiles_p99": 3.007096090759935,
    "results_end_to_end_latency_s_mean": 2.317345946679995,
    "results_end_to_end_latency_s_min": 1.847856542000045,
    "results_end_to_end_latency_s_max": 3.0454262069999913,
    "results_end_to_end_latency_s_stddev": 0.23366090768944045,
    "results_request_output_throughput_token_per_s_quantiles_p25": 60.57238121722911,
    "results_request_output_throughput_token_per_s_quantiles_p50": 64.99779668926382,
    "results_request_output_throughput_token_per_s_quantiles_p75": 69.32699198789915,
    "results_request_output_throughput_token_per_s_quantiles_p90": 73.09258709881429,
    "results_request_output_throughput_token_per_s_quantiles_p95": 73.78347195190035,
    "results_request_output_throughput_token_per_s_quantiles_p99": 75.87558984136821,
    "results_request_output_throughput_token_per_s_mean": 64.88051557198962,
    "results_request_output_throughput_token_per_s_min": 48.92582839719433,
    "results_request_output_throughput_token_per_s_max": 80.6339651446797,
    "results_request_output_throughput_token_per_s_stddev": 6.166850655131515,
    "results_number_input_tokens_quantiles_p25": 550.0,
    "results_number_input_tokens_quantiles_p50": 550.0,
    "results_number_input_tokens_quantiles_p75": 550.0,
    "results_number_input_tokens_quantiles_p90": 550.0,
    "results_number_input_tokens_quantiles_p95": 550.0,
    "results_number_input_tokens_quantiles_p99": 550.0,
    "results_number_input_tokens_mean": 550.0,
    "results_number_input_tokens_min": "550",
    "results_number_input_tokens_max": "550",
    "results_number_input_tokens_stddev": 0.0,
    "results_number_output_tokens_quantiles_p25": 172.0,
    "results_number_output_tokens_quantiles_p50": 176.0,
    "results_number_output_tokens_quantiles_p75": 177.0,
    "results_number_output_tokens_quantiles_p90": 178.0,
    "results_number_output_tokens_quantiles_p95": 178.0,
    "results_number_output_tokens_quantiles_p99": 178.0,
    "results_number_output_tokens_mean": 172.4,
    "results_number_output_tokens_min": "151",
    "results_number_output_tokens_max": "201",
    "results_number_output_tokens_stddev": 8.275458988872463,
    "results_num_requests_started": 150,
    "results_error_rate": 0.0,
    "results_number_errors": 0,
    "results_error_code_frequency": "{}",
    "results_mean_output_throughput_token_per_s": 255.82978116075432,
    "results_num_completed_requests": 150,
    "results_num_completed_requests_per_min": 89.0358867148797,
    "framework": "together",
    "model_size": "7b",
    "timestamp": 1702985601
}